-- phpMyAdmin SQL Dump
-- version 4.2.7.1
-- http://www.phpmyadmin.net
--
-- Host: 127.0.0.1
-- Erstellungszeit: 11. Nov 2014 um 00:14
-- Server Version: 5.6.20
-- PHP-Version: 5.5.15

SET SQL_MODE = "NO_AUTO_VALUE_ON_ZERO";
SET time_zone = "+00:00";


/*!40101 SET @OLD_CHARACTER_SET_CLIENT=@@CHARACTER_SET_CLIENT */;
/*!40101 SET @OLD_CHARACTER_SET_RESULTS=@@CHARACTER_SET_RESULTS */;
/*!40101 SET @OLD_COLLATION_CONNECTION=@@COLLATION_CONNECTION */;
/*!40101 SET NAMES utf8 */;

--
-- Datenbank: `scheune`
--

-- --------------------------------------------------------

--
-- Tabellenstruktur für Tabelle `abstimmung`
--

CREATE TABLE IF NOT EXISTS `abstimmung` (
`ID` int(5) NOT NULL,
  `Bezeichnung` varchar(100) NOT NULL,
  `ErstelltAm` datetime NOT NULL,
  `GueltigBis` datetime DEFAULT NULL,
  `Aktiv` tinyint(1) NOT NULL
) ENGINE=MyISAM  DEFAULT CHARSET=utf8 AUTO_INCREMENT=10 ;

--
-- Daten für Tabelle `abstimmung`
--

INSERT INTO `abstimmung` (`ID`, `Bezeichnung`, `ErstelltAm`, `GueltigBis`, `Aktiv`) VALUES
(6, 'Top 20', '2014-10-21 00:00:00', '2014-10-26 15:00:00', 1),
(7, 'Radio RockScheune TOP 20', '2014-10-27 11:28:20', '2014-11-02 15:00:00', 1),
(8, 'Radio RockScheune  TOP 20', '2014-11-03 07:19:13', '2014-11-09 15:00:00', 1),
(9, 'Radio RockScheune TOP 20', '2014-11-10 00:47:03', '2014-11-16 15:00:00', 1);

-- --------------------------------------------------------

--
-- Tabellenstruktur für Tabelle `abstimmung_ip`
--

CREATE TABLE IF NOT EXISTS `abstimmung_ip` (
`ID` int(5) NOT NULL,
  `Abstimmung_ID` int(5) NOT NULL,
  `IP` varchar(15) NOT NULL,
  `Pos` tinyint(1) NOT NULL,
  `Neg` tinyint(1) NOT NULL
) ENGINE=MyISAM  DEFAULT CHARSET=utf8 AUTO_INCREMENT=1169 ;

--
-- Daten für Tabelle `abstimmung_ip`
--

INSERT INTO `abstimmung_ip` (`ID`, `Abstimmung_ID`, `IP`, `Pos`, `Neg`) VALUES
(22, 6, '84.137.57.251', 0, 1),
(23, 6, '84.137.57.251', 1, 0),
(24, 6, '87.150.149.144', 0, 1),
(25, 6, '87.150.149.144', 1, 0),
(26, 6, '66.249.65.149', 1, 0),
(27, 6, '66.249.65.141', 0, 1),
(28, 6, '66.249.65.145', 1, 0),
(29, 6, '66.249.65.149', 0, 1),
(30, 6, '66.249.65.141', 1, 0),
(31, 6, '87.150.152.180', 1, 0),
(32, 6, '87.150.152.180', 0, 1),
(33, 6, '93.199.171.50', 1, 0),
(34, 6, '93.199.171.50', 0, 1),
(35, 6, '84.183.194.36', 1, 0),
(36, 6, '95.169.71.1', 1, 0),
(63, 6, '84.137.57.149', 1, 0),
(39, 6, '80.147.153.39', 0, 1),
(40, 6, '80.147.153.39', 1, 0),
(41, 6, '77.177.83.169', 1, 0),
(42, 6, '217.247.152.63', 1, 0),
(43, 6, '217.247.152.63', 0, 1),
(44, 6, '80.171.66.232', 1, 0),
(45, 6, '47.64.181.104', 1, 0),
(46, 6, '47.64.181.104', 0, 1),
(47, 6, '95.91.240.124', 1, 0),
(48, 6, '37.118.168.138', 1, 0),
(49, 6, '217.247.141.179', 1, 0),
(50, 6, '217.247.141.179', 0, 1),
(51, 6, '80.145.233.165', 1, 0),
(52, 6, '80.145.233.165', 0, 1),
(53, 6, '217.81.46.130', 1, 0),
(54, 6, '217.81.46.130', 0, 1),
(55, 6, '95.90.196.250', 1, 0),
(56, 6, '95.90.196.250', 0, 1),
(57, 6, '95.133.53.243', 1, 0),
(58, 6, '95.238.1.48', 1, 0),
(59, 6, '79.198.10.95', 1, 0),
(60, 6, '213.87.96.211', 1, 0),
(61, 6, '37.118.168.138', 0, 1),
(62, 6, '95.211.90.169', 1, 0),
(64, 6, '77.232.15.164', 1, 0),
(65, 6, '84.137.57.149', 0, 1),
(66, 6, '109.201.143.111', 1, 0),
(67, 6, '87.155.6.44', 0, 1),
(68, 6, '87.155.6.44', 1, 0),
(69, 6, '66.249.78.83', 0, 1),
(70, 6, '66.249.78.76', 1, 0),
(71, 6, '84.137.54.187', 1, 0),
(72, 6, '109.201.152.200', 1, 0),
(73, 6, '157.55.39.169', 0, 1),
(74, 6, '157.55.39.231', 1, 0),
(75, 6, '157.55.39.168', 1, 0),
(76, 6, '207.46.13.134', 1, 0),
(77, 6, '207.46.13.134', 0, 1),
(78, 6, '157.55.39.168', 0, 1),
(79, 6, '157.55.39.230', 1, 0),
(80, 6, '84.129.134.200', 1, 0),
(81, 6, '84.129.134.200', 0, 1),
(82, 6, '157.55.39.231', 0, 1),
(83, 6, '217.92.139.141', 0, 1),
(84, 6, '217.92.139.141', 1, 0),
(85, 6, '207.46.13.94', 0, 1),
(86, 6, '157.55.39.230', 0, 1),
(87, 6, '207.46.13.94', 1, 0),
(88, 6, '84.137.54.187', 0, 1),
(89, 6, '157.55.39.169', 1, 0),
(90, 6, '217.227.104.148', 1, 0),
(91, 6, '37.24.151.127', 1, 0),
(92, 6, '66.249.78.69', 0, 1),
(93, 6, '66.249.78.69', 1, 0),
(94, 6, '85.17.25.40', 1, 0),
(95, 6, '87.150.149.135', 0, 1),
(96, 6, '87.150.149.135', 1, 0),
(97, 6, '84.137.52.213', 1, 0),
(98, 6, '84.137.52.213', 0, 1),
(99, 6, '85.17.25.39', 1, 0),
(100, 6, '109.201.143.103', 1, 0),
(101, 6, '89.204.155.145', 1, 0),
(102, 6, '89.204.155.145', 0, 1),
(103, 6, '89.15.236.202', 0, 1),
(104, 6, '89.15.236.202', 1, 0),
(105, 6, '141.8.189.111', 0, 1),
(106, 6, '141.8.189.111', 1, 0),
(107, 6, '37.24.147.61', 1, 0),
(108, 6, '89.15.238.254', 1, 0),
(109, 6, '89.15.238.254', 0, 1),
(110, 6, '83.149.126.155', 1, 0),
(111, 6, '84.137.60.125', 1, 0),
(112, 6, '84.137.60.125', 0, 1),
(113, 6, '217.247.142.115', 1, 0),
(114, 6, '217.247.142.115', 0, 1),
(115, 6, '206.217.208.162', 1, 0),
(116, 6, '37.24.144.135', 1, 0),
(117, 6, '46.23.67.135', 1, 0),
(118, 6, '66.249.64.81', 0, 1),
(119, 6, '66.249.64.85', 1, 0),
(120, 6, '66.249.64.89', 1, 0),
(121, 6, '207.46.13.117', 1, 0),
(122, 6, '207.46.13.117', 0, 1),
(123, 6, '141.8.189.110', 0, 1),
(124, 6, '109.201.143.28', 1, 0),
(125, 6, '176.10.107.230', 1, 0),
(126, 6, '84.137.50.55', 1, 0),
(127, 6, '84.137.50.55', 0, 1),
(128, 6, '217.247.145.57', 1, 0),
(129, 6, '217.247.145.57', 0, 1),
(130, 6, '89.15.236.94', 0, 1),
(131, 6, '89.15.236.94', 1, 0),
(132, 6, '89.204.137.26', 1, 0),
(133, 6, '89.204.137.26', 0, 1),
(134, 7, '84.137.62.247', 1, 0),
(135, 7, '84.137.62.247', 0, 1),
(136, 7, '80.145.233.165', 1, 0),
(137, 7, '80.145.233.165', 0, 1),
(138, 7, '79.248.32.159', 1, 0),
(139, 7, '79.248.32.159', 0, 1),
(140, 7, '66.249.65.145', 0, 1),
(141, 7, '66.249.65.141', 0, 1),
(142, 7, '66.249.65.149', 0, 1),
(143, 7, '66.249.65.145', 1, 0),
(144, 7, '109.201.143.45', 1, 0),
(145, 7, '66.249.65.141', 1, 0),
(146, 7, '66.249.65.149', 1, 0),
(147, 7, '66.249.78.83', 0, 1),
(148, 7, '84.137.50.135', 1, 0),
(149, 7, '84.137.50.135', 0, 1),
(150, 7, '66.249.78.76', 0, 1),
(151, 7, '66.249.78.69', 0, 1),
(152, 7, '66.249.78.69', 1, 0),
(153, 7, '66.249.78.76', 1, 0),
(154, 7, '66.249.78.83', 1, 0),
(155, 7, '109.201.143.64', 1, 0),
(156, 7, '79.248.36.215', 1, 0),
(157, 7, '79.248.36.215', 0, 1),
(158, 7, '77.177.95.26', 1, 0),
(159, 7, '77.177.95.26', 0, 1),
(160, 7, '23.27.249.108', 1, 0),
(161, 7, '207.46.13.134', 0, 1),
(162, 7, '207.46.13.94', 0, 1),
(163, 7, '207.46.13.117', 0, 1),
(164, 7, '157.55.39.168', 1, 0),
(165, 7, '157.55.39.169', 1, 0),
(166, 7, '207.46.13.117', 1, 0),
(167, 7, '157.55.39.169', 0, 1),
(168, 7, '207.46.13.94', 1, 0),
(169, 7, '207.46.13.134', 1, 0),
(170, 7, '157.55.39.168', 0, 1),
(171, 7, '84.137.62.161', 1, 0),
(172, 7, '84.137.62.161', 0, 1),
(173, 7, '79.248.38.122', 0, 1),
(174, 7, '79.248.38.122', 1, 0),
(175, 7, '85.17.25.31', 1, 0),
(176, 7, '89.204.137.47', 1, 0),
(177, 7, '77.177.121.103', 1, 0),
(178, 7, '77.177.121.103', 0, 1),
(179, 7, '217.81.46.130', 1, 0),
(180, 7, '217.81.46.130', 0, 1),
(181, 7, '84.180.38.97', 1, 0),
(182, 7, '84.180.38.97', 0, 1),
(183, 7, '89.204.130.34', 1, 0),
(184, 7, '89.204.130.34', 0, 1),
(185, 7, '82.113.106.223', 1, 0),
(186, 7, '82.113.106.223', 0, 1),
(187, 7, '91.96.181.235', 1, 0),
(188, 7, '2.206.0.247', 1, 0),
(189, 7, '2.206.0.247', 0, 1),
(190, 7, '79.236.81.187', 1, 0),
(191, 7, '79.236.81.187', 0, 1),
(192, 7, '217.91.131.11', 1, 0),
(193, 7, '87.187.188.94', 1, 0),
(194, 7, '87.187.188.94', 0, 1),
(195, 7, '109.84.0.11', 1, 0),
(196, 7, '46.109.231.160', 1, 0),
(197, 7, '46.109.231.160', 0, 1),
(198, 7, '87.139.61.97', 1, 0),
(199, 7, '91.96.181.235', 0, 1),
(200, 7, '37.24.148.137', 1, 0),
(201, 7, '91.41.234.246', 1, 0),
(202, 7, '91.41.234.246', 0, 1),
(203, 7, '84.139.102.174', 1, 0),
(204, 7, '89.15.237.16', 1, 0),
(205, 7, '89.15.237.16', 0, 1),
(206, 7, '93.221.115.250', 1, 0),
(207, 7, '82.113.99.254', 1, 0),
(208, 7, '82.113.99.254', 0, 1),
(209, 7, '37.138.102.239', 1, 0),
(210, 7, '188.210.56.38', 1, 0),
(211, 7, '92.192.74.13', 1, 0),
(212, 7, '93.221.102.72', 1, 0),
(213, 7, '77.8.125.196', 1, 0),
(214, 7, '77.8.125.196', 0, 1),
(215, 7, '79.248.48.235', 1, 0),
(216, 7, '79.248.48.235', 0, 1),
(217, 7, '13.85.158.37', 1, 0),
(218, 7, '84.137.59.85', 1, 0),
(219, 7, '84.137.59.85', 0, 1),
(220, 7, '87.138.102.73', 1, 0),
(221, 7, '89.15.237.247', 1, 0),
(222, 7, '89.15.237.247', 0, 1),
(223, 7, '89.204.138.177', 1, 0),
(224, 7, '89.204.138.177', 0, 1),
(225, 7, '37.24.146.255', 1, 0),
(226, 7, '95.91.202.165', 1, 0),
(227, 7, '95.91.202.165', 0, 1),
(228, 7, '217.187.64.229', 1, 0),
(229, 7, '217.187.64.229', 0, 1),
(230, 7, '77.177.115.68', 1, 0),
(231, 7, '77.177.115.68', 0, 1),
(232, 7, '84.137.61.118', 1, 0),
(233, 7, '84.137.61.118', 0, 1),
(234, 7, '79.248.47.16', 1, 0),
(235, 7, '79.248.47.16', 0, 1),
(236, 7, '109.201.143.92', 1, 0),
(237, 7, '89.204.137.147', 1, 0),
(238, 7, '89.204.137.147', 0, 1),
(239, 7, '89.204.130.163', 1, 0),
(240, 7, '89.204.130.163', 0, 1),
(241, 6, '66.249.78.76', 0, 1),
(242, 7, '37.24.144.76', 1, 0),
(243, 6, '66.249.78.83', 1, 0),
(244, 7, '109.201.143.219', 1, 0),
(245, 7, '84.137.57.157', 0, 1),
(246, 7, '84.137.57.157', 1, 0),
(247, 7, '79.248.56.214', 1, 0),
(248, 7, '79.248.56.214', 0, 1),
(249, 7, '88.128.80.0', 1, 0),
(250, 7, '95.91.236.107', 1, 0),
(251, 7, '95.91.236.107', 0, 1),
(252, 7, '85.17.25.24', 1, 0),
(253, 7, '84.183.194.36', 1, 0),
(254, 7, '79.248.36.35', 1, 0),
(255, 7, '79.248.36.35', 0, 1),
(256, 7, '31.150.61.220', 1, 0),
(257, 7, '109.201.137.7', 1, 0),
(258, 7, '84.137.43.150', 1, 0),
(259, 7, '84.137.43.150', 0, 1),
(260, 8, '84.137.5.136', 1, 0),
(261, 8, '84.137.5.136', 0, 1),
(262, 8, '217.91.131.11', 1, 0),
(263, 8, '79.236.81.187', 1, 0),
(264, 8, '79.236.81.187', 0, 1),
(265, 8, '217.247.157.85', 1, 0),
(266, 8, '217.247.157.85', 0, 1),
(267, 8, '37.24.150.208', 1, 0),
(268, 8, '89.204.154.38', 1, 0),
(269, 8, '109.193.85.217', 1, 0),
(270, 8, '217.81.46.130', 1, 0),
(271, 8, '217.81.46.130', 0, 1),
(272, 8, '134.3.212.249', 1, 0),
(273, 8, '77.176.147.241', 1, 0),
(274, 8, '80.147.153.39', 1, 0),
(275, 8, '80.147.153.39', 0, 1),
(276, 8, '80.171.69.240', 1, 0),
(277, 8, '77.176.147.241', 0, 1),
(278, 8, '78.42.140.217', 1, 0),
(279, 8, '46.114.146.220', 1, 0),
(280, 8, '78.42.140.217', 0, 1),
(281, 8, '46.115.133.177', 1, 0),
(282, 8, '109.193.66.210', 1, 0),
(283, 8, '109.193.66.210', 0, 1),
(284, 8, '95.223.204.119', 1, 0),
(285, 8, '62.12.147.186', 1, 0),
(286, 8, '95.221.86.118', 1, 0),
(287, 8, '95.221.86.118', 0, 1),
(288, 8, '217.7.101.5', 1, 0),
(289, 8, '95.91.234.214', 1, 0),
(290, 8, '91.38.194.68', 1, 0),
(291, 8, '91.38.194.68', 0, 1),
(292, 8, '217.92.67.213', 1, 0),
(293, 8, '217.92.67.213', 0, 1),
(294, 8, '77.10.242.199', 1, 0),
(295, 8, '80.145.233.165', 1, 0),
(296, 8, '80.145.233.165', 0, 1),
(297, 8, '14.69.118.99', 1, 0),
(298, 8, '14.69.118.99', 0, 1),
(299, 8, '178.3.128.34', 1, 0),
(300, 8, '178.3.128.34', 0, 1),
(301, 8, '93.199.171.50', 1, 0),
(302, 8, '93.199.171.50', 0, 1),
(303, 8, '178.25.74.141', 1, 0),
(304, 8, '92.38.144.75', 1, 0),
(305, 8, '95.33.226.5', 0, 1),
(306, 8, '85.177.207.59', 1, 0),
(307, 8, '95.33.226.5', 1, 0),
(308, 8, '79.198.20.19', 1, 0),
(309, 8, '85.183.127.111', 1, 0),
(310, 8, '85.177.207.59', 0, 1),
(311, 8, '37.201.91.151', 1, 0),
(312, 8, '87.180.246.172', 1, 0),
(313, 8, '91.38.194.60', 1, 0),
(314, 8, '91.38.194.60', 0, 1),
(315, 8, '88.134.34.137', 1, 0),
(316, 8, '109.193.164.54', 1, 0),
(317, 8, '109.193.164.54', 0, 1),
(318, 8, '178.9.120.103', 1, 0),
(319, 8, '77.3.225.13', 1, 0),
(320, 8, '77.3.225.13', 0, 1),
(321, 8, '188.20.174.58', 1, 0),
(322, 8, '82.113.98.109', 1, 0),
(323, 8, '217.92.139.141', 1, 0),
(324, 8, '217.92.139.141', 0, 1),
(325, 8, '79.237.13.170', 1, 0),
(326, 8, '178.142.86.214', 1, 0),
(327, 8, '93.221.71.108', 1, 0),
(328, 8, '12.153.99.190', 1, 0),
(329, 8, '81.97.174.193', 1, 0),
(330, 8, '46.115.21.228', 1, 0),
(331, 8, '77.182.70.77', 1, 0),
(332, 8, '178.95.44.13', 1, 0),
(333, 8, '46.114.44.247', 1, 0),
(334, 8, '188.96.120.240', 1, 0),
(335, 8, '134.3.156.153', 1, 0),
(336, 8, '89.204.155.74', 1, 0),
(337, 8, '89.204.155.74', 0, 1),
(338, 8, '91.67.255.112', 1, 0),
(339, 8, '178.173.4.160', 1, 0),
(340, 8, '82.113.98.128', 0, 1),
(341, 8, '82.113.98.128', 1, 0),
(342, 8, '82.113.106.249', 1, 0),
(343, 8, '82.113.106.249', 0, 1),
(344, 8, '89.15.238.144', 1, 0),
(345, 8, '2.241.193.120', 1, 0),
(346, 8, '188.107.80.131', 1, 0),
(347, 8, '188.107.80.131', 0, 1),
(348, 8, '37.24.146.245', 1, 0),
(349, 8, '77.4.215.93', 1, 0),
(350, 8, '94.223.147.62', 1, 0),
(351, 8, '109.42.0.103', 1, 0),
(352, 8, '92.195.111.185', 1, 0),
(353, 8, '77.21.65.174', 1, 0),
(354, 8, '46.114.144.246', 1, 0),
(355, 8, '89.204.135.170', 1, 0),
(356, 8, '89.204.135.170', 0, 1),
(357, 8, '178.142.87.208', 1, 0),
(358, 8, '178.142.87.208', 0, 1),
(359, 8, '217.247.129.61', 0, 1),
(360, 8, '217.247.129.61', 1, 0),
(361, 8, '109.201.143.222', 1, 0),
(362, 8, '72.10.168.92', 1, 0),
(363, 8, '91.109.20.231', 1, 0),
(364, 8, '91.38.206.201', 1, 0),
(365, 8, '91.38.206.201', 0, 1),
(366, 8, '84.137.3.168', 1, 0),
(367, 8, '84.137.3.168', 0, 1),
(368, 8, '157.55.39.205', 0, 1),
(369, 8, '84.226.48.168', 1, 0),
(370, 8, '109.43.1.102', 1, 0),
(371, 8, '87.174.68.73', 1, 0),
(372, 8, '87.174.68.73', 0, 1),
(373, 8, '207.46.13.55', 1, 0),
(374, 8, '207.46.13.55', 0, 1),
(375, 8, '134.3.220.222', 1, 0),
(376, 8, '134.3.220.222', 0, 1),
(377, 8, '93.233.127.170', 1, 0),
(378, 8, '157.55.39.205', 1, 0),
(379, 8, '188.194.52.117', 1, 0),
(380, 8, '81.173.228.211', 1, 0),
(381, 8, '81.173.228.211', 0, 1),
(382, 8, '158.181.81.60', 1, 0),
(383, 8, '158.181.81.60', 0, 1),
(384, 8, '84.233.191.82', 1, 0),
(385, 8, '109.43.1.91', 1, 0),
(386, 8, '87.158.67.55', 1, 0),
(387, 8, '90.186.1.187', 1, 0),
(388, 8, '14.143.145.152', 1, 0),
(389, 8, '91.63.219.137', 1, 0),
(390, 8, '87.173.219.64', 1, 0),
(391, 8, '87.173.219.64', 0, 1),
(392, 8, '91.63.219.137', 0, 1),
(393, 8, '77.3.254.103', 1, 0),
(394, 8, '47.64.248.87', 1, 0),
(395, 8, '188.104.211.145', 1, 0),
(396, 8, '109.43.1.45', 1, 0),
(397, 8, '109.43.1.45', 0, 1),
(398, 8, '178.9.118.116', 1, 0),
(399, 8, '77.3.254.103', 0, 1),
(400, 8, '172.29.15.241, ', 1, 0),
(401, 8, '172.29.15.241, ', 1, 0),
(402, 8, '172.29.15.241, ', 1, 0),
(403, 8, '172.29.15.241, ', 1, 0),
(404, 8, '172.29.15.241, ', 1, 0),
(405, 8, '172.29.15.241, ', 1, 0),
(406, 8, '172.29.15.241, ', 1, 0),
(407, 8, '172.29.15.241, ', 1, 0),
(408, 8, '90.186.3.160', 1, 0),
(409, 8, '188.195.243.212', 1, 0),
(410, 8, '24.246.106.134', 1, 0),
(411, 8, '24.246.106.134', 0, 1),
(412, 8, '84.129.54.177', 1, 0),
(413, 8, '188.23.15.212', 1, 0),
(414, 8, '188.193.90.142', 1, 0),
(415, 8, '172.29.15.241, ', 1, 0),
(416, 8, '172.29.15.241, ', 0, 1),
(417, 8, '172.29.15.241, ', 0, 1),
(418, 8, '172.29.15.241, ', 0, 1),
(419, 8, '82.113.106.210', 1, 0),
(420, 8, '87.149.221.100', 1, 0),
(421, 8, '89.204.154.153', 1, 0),
(422, 8, '89.204.154.153', 0, 1),
(423, 8, '82.113.106.210', 0, 1),
(424, 8, '77.20.141.125', 1, 0),
(425, 8, '89.14.244.160', 1, 0),
(426, 8, '93.218.62.161', 1, 0),
(427, 8, '31.17.48.197', 1, 0),
(428, 8, '85.16.1.54', 1, 0),
(429, 8, '46.114.175.58', 1, 0),
(430, 8, '84.58.201.94', 1, 0),
(431, 8, '87.183.10.248', 1, 0),
(432, 8, '84.159.193.56', 1, 0),
(433, 8, '82.113.121.197', 0, 1),
(434, 8, '82.113.121.197', 1, 0),
(435, 8, '11.133.144.28', 1, 0),
(436, 8, '188.110.222.102', 1, 0),
(437, 8, '91.53.188.222', 1, 0),
(438, 8, '91.53.188.222', 0, 1),
(439, 8, '80.128.139.179', 1, 0),
(440, 8, '77.20.141.125', 0, 1),
(441, 8, '80.138.96.153', 1, 0),
(442, 8, '178.200.51.68', 1, 0),
(443, 8, '217.88.14.244', 1, 0),
(444, 8, '88.68.212.158', 1, 0),
(445, 8, '88.68.212.158', 0, 1),
(446, 8, '172.29.15.241, ', 1, 0),
(447, 8, '172.29.15.241, ', 1, 0),
(448, 8, '172.29.15.241, ', 1, 0),
(449, 8, '172.29.15.241, ', 1, 0),
(450, 8, '172.29.15.241, ', 1, 0),
(451, 8, '172.29.15.241, ', 1, 0),
(452, 8, '172.29.15.241, ', 1, 0),
(453, 8, '172.29.15.241, ', 1, 0),
(454, 8, '172.29.15.241, ', 1, 0),
(455, 8, '172.29.15.241, ', 1, 0),
(456, 8, '172.29.15.241, ', 1, 0),
(457, 8, '172.29.15.241, ', 1, 0),
(458, 8, '172.29.15.241, ', 1, 0),
(459, 8, '172.29.15.241, ', 1, 0),
(460, 8, '172.29.15.241, ', 1, 0),
(461, 8, '172.29.15.241, ', 1, 0),
(462, 8, '172.29.15.241, ', 1, 0),
(463, 8, '172.29.15.241, ', 1, 0),
(464, 8, '172.29.15.241, ', 1, 0),
(465, 8, '172.29.15.241, ', 1, 0),
(466, 8, '172.29.15.241, ', 1, 0),
(467, 8, '172.29.15.241, ', 1, 0),
(468, 8, '172.29.15.241, ', 1, 0),
(469, 8, '172.29.15.241, ', 1, 0),
(470, 8, '172.29.15.241, ', 1, 0),
(471, 8, '172.29.15.241, ', 1, 0),
(472, 8, '172.29.15.241, ', 1, 0),
(473, 8, '172.29.15.241, ', 1, 0),
(474, 8, '172.29.15.241, ', 1, 0),
(475, 8, '172.29.15.241, ', 1, 0),
(476, 8, '172.29.15.241, ', 1, 0),
(477, 8, '172.29.15.241, ', 1, 0),
(478, 8, '172.29.15.241, ', 1, 0),
(479, 8, '178.162.199.159', 1, 0),
(480, 8, '217.230.30.63', 0, 1),
(481, 8, '217.230.30.63', 1, 0),
(482, 8, '37.119.249.173', 1, 0),
(483, 8, '78.52.20.6', 1, 0),
(484, 8, '46.114.23.101', 1, 0),
(485, 8, '87.176.119.164', 1, 0),
(486, 8, '82.11.52.184', 1, 0),
(487, 8, '217.85.222.95', 1, 0),
(488, 8, '109.44.0.192', 1, 0),
(489, 8, '178.6.84.182', 1, 0),
(490, 8, '46.115.2.135', 1, 0),
(491, 8, '79.228.234.136', 1, 0),
(492, 8, '84.119.240.34', 1, 0),
(493, 8, '88.153.45.244', 1, 0),
(494, 8, '84.130.255.52', 1, 0),
(495, 8, '84.130.255.52', 0, 1),
(496, 8, '80.171.99.137', 1, 0),
(497, 8, '178.0.236.230', 1, 0),
(498, 8, '172.29.15.241, ', 1, 0),
(499, 8, '176.198.67.122', 1, 0),
(500, 8, '172.29.15.241, ', 1, 0),
(501, 8, '172.29.15.241, ', 1, 0),
(502, 8, '172.29.15.241, ', 1, 0),
(503, 8, '172.29.15.241, ', 1, 0),
(504, 8, '47.64.248.87', 0, 1),
(505, 8, '176.198.67.122', 0, 1),
(506, 8, '188.174.220.88', 0, 1),
(507, 8, '95.239.7.234', 1, 0),
(508, 8, '95.91.240.185', 1, 0),
(509, 8, '217.84.234.56', 1, 0),
(510, 8, '88.217.180.241', 1, 0),
(511, 8, '84.118.104.87', 1, 0),
(512, 8, '77.181.132.11', 1, 0),
(513, 8, '178.191.242.226', 1, 0),
(514, 8, '92.208.183.47', 1, 0),
(515, 8, '91.40.8.75', 1, 0),
(516, 8, '91.40.8.75', 0, 1),
(517, 8, '82.82.83.132', 1, 0),
(518, 8, '79.197.117.124', 1, 0),
(519, 8, '90.193.226.89', 1, 0),
(520, 8, '79.226.161.151', 1, 0),
(521, 8, '46.114.141.145', 1, 0),
(522, 8, '89.204.130.186', 0, 1),
(523, 8, '92.238.253.207', 1, 0),
(524, 8, '89.204.130.186', 1, 0),
(525, 8, '189.217.138.127', 1, 0),
(526, 8, '89.204.135.140', 0, 1),
(527, 8, '93.132.126.121', 1, 0),
(528, 8, '89.204.135.140', 1, 0),
(529, 8, '193.159.81.135', 1, 0),
(530, 8, '89.204.135.117', 0, 1),
(531, 8, '89.204.135.117', 1, 0),
(532, 8, '95.91.253.119', 1, 0),
(533, 8, '77.12.69.19', 1, 0),
(534, 8, '84.180.97.71', 1, 0),
(535, 8, '89.204.130.22', 1, 0),
(536, 8, '89.204.130.22', 0, 1),
(537, 8, '84.180.97.71', 0, 1),
(538, 8, '194.230.155.237', 1, 0),
(539, 8, '194.230.155.237', 0, 1),
(540, 8, '89.204.135.129', 1, 0),
(541, 8, '89.204.154.212', 1, 0),
(542, 8, '89.204.154.212', 0, 1),
(543, 8, '89.204.135.129', 0, 1),
(544, 8, '95.169.71.1', 1, 0),
(545, 8, '95.169.71.1', 0, 1),
(546, 8, '109.47.1.97', 1, 0),
(547, 8, '109.47.1.97', 0, 1),
(548, 8, '172.29.15.241, ', 1, 0),
(549, 8, '172.29.15.241, ', 1, 0),
(550, 8, '172.29.15.241, ', 1, 0),
(551, 8, '172.29.15.241, ', 1, 0),
(552, 8, '172.29.15.241, ', 1, 0),
(553, 8, '172.29.15.241, ', 1, 0),
(554, 8, '172.29.15.241, ', 1, 0),
(555, 8, '172.29.15.241, ', 1, 0),
(556, 8, '172.29.15.241, ', 1, 0),
(557, 8, '172.29.15.241, ', 1, 0),
(558, 8, '172.29.15.241, ', 1, 0),
(559, 8, '172.29.15.241, ', 1, 0),
(560, 8, '5.158.180.216', 1, 0),
(561, 8, '5.158.180.216', 0, 1),
(562, 8, '207.46.13.15', 0, 1),
(563, 8, '188.103.204.89', 1, 0),
(564, 8, '79.192.231.124', 1, 0),
(565, 8, '92.107.212.141', 1, 0),
(566, 8, '92.107.212.141', 0, 1),
(567, 8, '93.194.45.222', 1, 0),
(568, 8, '89.204.135.250', 0, 1),
(569, 8, '89.204.135.250', 1, 0),
(570, 8, '89.204.135.32', 1, 0),
(571, 8, '89.204.135.32', 0, 1),
(572, 8, '157.55.39.78', 0, 1),
(573, 8, '187.188.76.157', 1, 0),
(574, 8, '178.198.34.66', 1, 0),
(575, 8, '77.183.105.212', 1, 0),
(576, 8, '93.217.216.69', 1, 0),
(577, 8, '92.113.55.0', 1, 0),
(578, 8, '92.113.55.0', 0, 1),
(579, 8, '78.54.82.107', 1, 0),
(580, 8, '91.91.246.217', 1, 0),
(581, 8, '151.252.218.219', 1, 0),
(582, 8, '209.190.113.85', 1, 0),
(583, 8, '209.190.113.85', 0, 1),
(584, 8, '188.96.120.152', 1, 0),
(585, 8, '188.96.120.152', 0, 1),
(586, 8, '217.81.198.181', 1, 0),
(587, 8, '91.53.176.218', 1, 0),
(588, 8, '91.53.176.218', 0, 1),
(589, 8, '157.55.39.78', 1, 0),
(590, 8, '217.247.131.196', 1, 0),
(591, 8, '217.247.131.196', 0, 1),
(592, 8, '207.46.13.127', 0, 1),
(593, 8, '87.179.105.214', 1, 0),
(594, 8, '79.249.29.38', 1, 0),
(595, 8, '46.114.55.91', 1, 0),
(596, 8, '85.76.81.203', 1, 0),
(597, 8, '80.169.40.174', 1, 0),
(598, 8, '207.46.13.127', 1, 0),
(599, 8, '89.204.153.73', 1, 0),
(600, 8, '89.204.153.73', 0, 1),
(601, 8, '93.184.128.24', 1, 0),
(602, 8, '93.184.128.24', 0, 1),
(603, 8, '139.18.197.168', 1, 0),
(604, 8, '139.18.197.168', 0, 1),
(605, 8, '207.46.13.15', 1, 0),
(606, 8, '95.91.240.113', 1, 0),
(607, 8, '10.33.2.159', 1, 0),
(608, 8, '84.137.3.79', 0, 1),
(609, 8, '84.137.3.79', 1, 0),
(610, 8, '87.174.86.209', 1, 0),
(611, 8, '87.174.86.209', 0, 1),
(612, 8, '5.18.94.60', 1, 0),
(613, 8, '80.171.129.89', 1, 0),
(614, 8, '80.171.129.89', 0, 1),
(615, 8, '95.91.231.225', 1, 0),
(616, 8, '194.166.113.9', 1, 0),
(617, 8, '194.166.113.9', 0, 1),
(618, 8, '188.60.252.210', 1, 0),
(619, 8, '89.1.14.98', 1, 0),
(620, 8, '89.1.14.98', 0, 1),
(621, 8, '85.5.209.13', 1, 0),
(622, 8, '37.4.21.93', 1, 0),
(623, 8, '77.180.8.121', 1, 0),
(624, 8, '178.12.93.183', 1, 0),
(625, 8, '87.181.164.173', 1, 0),
(626, 8, '84.137.46.130', 1, 0),
(627, 8, '84.137.46.130', 0, 1),
(628, 8, '84.155.35.78', 1, 0),
(629, 8, '87.142.97.115', 1, 0),
(630, 8, '91.23.100.145', 1, 0),
(631, 8, '88.127.64.80', 1, 0),
(632, 8, '88.127.64.80', 0, 1),
(633, 8, '62.40.38.38', 1, 0),
(634, 8, '87.179.77.144', 1, 0),
(635, 8, '86.135.184.150', 1, 0),
(636, 8, '77.2.112.78', 1, 0),
(637, 8, '77.2.112.78', 0, 1),
(638, 8, '13.219.155.150', 1, 0),
(639, 8, '178.10.181.124', 1, 0),
(640, 8, '84.150.8.72', 1, 0),
(641, 8, '37.24.144.54', 1, 0),
(642, 8, '5.158.164.67', 1, 0),
(643, 8, '77.177.66.210', 1, 0),
(644, 8, '91.47.25.32', 1, 0),
(645, 8, '91.47.25.32', 0, 1),
(646, 8, '84.183.194.36', 1, 0),
(647, 8, '91.61.234.221', 1, 0),
(648, 8, '91.61.234.221', 0, 1),
(649, 8, '217.228.44.252', 1, 0),
(650, 8, '79.239.53.78', 1, 0),
(651, 8, '217.253.207.122', 1, 0),
(652, 8, '89.204.138.103', 1, 0),
(653, 8, '89.204.138.103', 0, 1),
(654, 8, '37.4.204.49', 1, 0),
(655, 8, '37.4.204.49', 0, 1),
(656, 8, '82.113.106.39', 1, 0),
(657, 8, '82.113.106.39', 0, 1),
(658, 8, '89.204.138.238', 1, 0),
(659, 8, '89.204.138.238', 0, 1),
(660, 8, '84.75.6.183', 1, 0),
(661, 8, '194.166.120.91', 1, 0),
(662, 8, '194.166.120.91', 0, 1),
(663, 8, '62.245.151.111', 1, 0),
(664, 8, '62.245.151.111', 0, 1),
(665, 8, '17.47.115.249', 1, 0),
(666, 8, '17.47.115.249', 0, 1),
(667, 8, '157.55.39.141', 1, 0),
(668, 8, '157.55.39.160', 1, 0),
(669, 8, '46.114.0.228', 1, 0),
(670, 8, '95.91.226.168', 1, 0),
(671, 8, '95.91.226.168', 0, 1),
(672, 8, '92.113.31.160', 1, 0),
(673, 8, '92.113.31.160', 0, 1),
(674, 8, '217.247.133.119', 0, 1),
(675, 8, '217.247.133.119', 1, 0),
(676, 8, '77.3.235.96', 1, 0),
(677, 8, '77.3.235.96', 0, 1),
(678, 8, '77.9.219.73', 1, 0),
(679, 8, '79.205.108.179', 1, 0),
(680, 8, '84.137.1.213', 1, 0),
(681, 8, '84.137.1.213', 0, 1),
(682, 8, '87.142.125.247', 1, 0),
(683, 8, '87.142.120.61', 1, 0),
(684, 8, '109.45.3.242', 1, 0),
(685, 8, '79.228.247.78', 1, 0),
(686, 8, '79.228.247.78', 0, 1),
(687, 8, '91.65.71.84', 1, 0),
(688, 8, '212.251.27.139', 1, 0),
(689, 8, '87.142.120.61', 0, 1),
(690, 8, '87.149.191.43', 1, 0),
(691, 8, '87.169.152.6', 1, 0),
(692, 8, '181.235.227.209', 1, 0),
(693, 8, '213.157.13.110', 1, 0),
(694, 8, '195.202.38.34', 1, 0),
(695, 8, '217.91.234.87', 1, 0),
(696, 8, '62.157.52.182', 1, 0),
(697, 8, '93.219.138.230', 1, 0),
(698, 8, '1.127.42.142', 1, 0),
(699, 8, '188.96.69.63', 1, 0),
(700, 8, '77.10.224.95', 1, 0),
(701, 8, '77.10.224.95', 0, 1),
(702, 8, '95.91.218.172', 1, 0),
(703, 8, '79.202.12.113', 1, 0),
(704, 8, '79.202.12.113', 0, 1),
(705, 8, '192.168.60.56', 1, 0),
(706, 8, '89.204.135.199', 1, 0),
(707, 8, '89.204.135.199', 0, 1),
(708, 8, '89.204.130.101', 1, 0),
(709, 8, '89.204.130.101', 0, 1),
(710, 8, '89.204.135.93', 1, 0),
(711, 8, '89.204.135.93', 0, 1),
(712, 8, '89.204.130.7', 1, 0),
(713, 8, '88.153.45.244', 0, 1),
(714, 8, '46.114.178.32', 1, 0),
(715, 8, '37.24.148.200', 1, 0),
(716, 8, '188.103.170.183', 1, 0),
(717, 8, '188.103.170.183', 0, 1),
(718, 8, '92.195.35.232', 1, 0),
(719, 8, '77.23.234.52', 1, 0),
(720, 8, '77.23.234.52', 0, 1),
(721, 8, '84.134.240.167', 1, 0),
(722, 8, '62.143.46.230', 1, 0),
(723, 8, '82.113.121.11', 0, 1),
(724, 8, '92.224.252.34', 1, 0),
(725, 8, '188.230.51.87', 1, 0),
(726, 8, '11.17.190.136', 1, 0),
(727, 8, '11.17.190.136', 0, 1),
(728, 8, '37.58.52.36', 1, 0),
(729, 8, '82.113.121.137', 1, 0),
(730, 8, '82.113.121.137', 0, 1),
(731, 8, '82.113.121.226', 1, 0),
(732, 8, '82.113.121.226', 0, 1),
(733, 8, '89.204.135.141', 1, 0),
(734, 8, '89.204.135.141', 0, 1),
(735, 8, '89.204.130.32', 1, 0),
(736, 8, '89.204.130.31', 1, 0),
(737, 8, '89.204.130.148', 1, 0),
(738, 8, '82.113.121.73', 1, 0),
(739, 8, '89.204.135.236', 1, 0),
(740, 8, '89.204.130.229', 1, 0),
(741, 8, '89.204.130.229', 0, 1),
(742, 8, '82.113.121.130', 1, 0),
(743, 8, '82.113.121.130', 0, 1),
(744, 8, '89.204.130.59', 1, 0),
(745, 8, '89.204.130.59', 0, 1),
(746, 8, '178.9.117.101', 1, 0),
(747, 8, '93.184.128.18', 1, 0),
(748, 8, '93.184.128.18', 0, 1),
(749, 8, '92.113.69.128', 0, 1),
(750, 8, '92.113.69.128', 1, 0),
(751, 8, '89.204.137.107', 1, 0),
(752, 8, '80.130.132.15', 1, 0),
(753, 8, '78.52.193.48', 1, 0),
(754, 8, '217.247.129.231', 1, 0),
(755, 8, '217.247.129.231', 0, 1),
(756, 8, '84.137.1.241', 0, 1),
(757, 8, '84.137.1.241', 1, 0),
(758, 8, '77.3.207.152', 1, 0),
(759, 8, '77.3.207.152', 0, 1),
(760, 8, '188.96.69.63', 0, 1),
(761, 8, '46.115.15.254', 1, 0),
(762, 8, '12.200.233.20', 1, 0),
(763, 6, '66.249.64.89', 0, 1),
(764, 8, '95.211.90.169', 1, 0),
(765, 8, '74.120.221.154', 1, 0),
(766, 8, '91.109.20.219', 1, 0),
(767, 8, '193.107.87.33', 1, 0),
(768, 8, '46.23.67.132', 1, 0),
(769, 8, '174.127.96.102', 1, 0),
(770, 8, '109.201.143.246', 1, 0),
(771, 6, '66.249.64.81', 1, 0),
(772, 8, '207.46.13.11', 0, 1),
(773, 8, '207.46.13.11', 1, 0),
(774, 8, '157.55.39.141', 0, 1),
(775, 8, '77.8.190.184', 1, 0),
(776, 8, '77.8.190.184', 0, 1),
(777, 8, '80.131.239.145', 1, 0),
(778, 8, '84.167.175.209', 1, 0),
(779, 8, '84.167.175.209', 0, 1),
(780, 8, '194.113.141.20', 1, 0),
(781, 8, '194.113.141.20', 0, 1),
(782, 8, '77.187.204.127', 1, 0),
(783, 8, '37.24.146.183', 1, 0),
(784, 8, '46.115.179.205', 1, 0),
(785, 8, '46.115.179.205', 0, 1),
(786, 8, '217.231.106.120', 1, 0),
(787, 8, '79.202.54.9', 1, 0),
(788, 8, '79.202.54.9', 0, 1),
(789, 8, '84.183.194.36', 0, 1),
(790, 8, '89.204.138.203', 1, 0),
(791, 8, '46.115.178.192', 1, 0),
(792, 8, '89.204.139.182', 1, 0),
(793, 8, '188.100.179.194', 1, 0),
(794, 8, '188.100.179.194', 0, 1),
(795, 8, '188.96.72.148', 1, 0),
(796, 8, '188.96.72.148', 0, 1),
(797, 8, '79.228.249.241', 1, 0),
(798, 8, '79.228.249.241', 0, 1),
(799, 8, '93.194.16.254', 1, 0),
(800, 8, '178.8.33.208', 1, 0),
(801, 8, '82.113.98.64', 1, 0),
(802, 8, '78.55.108.17', 1, 0),
(803, 8, '79.228.255.159', 1, 0),
(804, 8, '78.55.108.17', 0, 1),
(805, 8, '79.228.255.159', 0, 1),
(806, 8, '109.84.0.196', 1, 0),
(807, 8, '92.231.123.133', 1, 0),
(808, 8, '85.179.190.72', 1, 0),
(809, 8, '85.179.190.72', 0, 1),
(810, 8, '92.238.253.207', 0, 1),
(811, 8, '217.231.121.20', 1, 0),
(812, 8, '85.180.125.78', 1, 0),
(813, 8, '85.180.125.78', 0, 1),
(814, 8, '92.229.54.230', 1, 0),
(815, 8, '11.51.43.235', 1, 0),
(816, 8, '89.204.137.8', 1, 0),
(817, 8, '89.204.137.8', 0, 1),
(818, 8, '46.114.57.73', 1, 0),
(819, 8, '92.229.20.165', 1, 0),
(820, 8, '58.7.65.48', 1, 0),
(821, 8, '11.218.192.29', 1, 0),
(822, 8, '11.218.192.29', 0, 1),
(823, 8, '89.204.139.126', 1, 0),
(824, 8, '89.204.139.126', 0, 1),
(825, 8, '109.201.143.242', 1, 0),
(826, 8, '91.65.185.70', 1, 0),
(827, 8, '178.7.127.64', 1, 0),
(828, 8, '49.196.12.232', 1, 0),
(829, 8, '79.248.45.158', 1, 0),
(830, 8, '79.248.45.158', 0, 1),
(831, 8, '11.75.2.254', 1, 0),
(832, 8, '11.75.2.254', 0, 1),
(833, 8, '77.10.33.1', 1, 0),
(834, 8, '92.113.162.133', 1, 0),
(835, 8, '92.113.162.133', 0, 1),
(836, 8, '109.43.1.5', 1, 0),
(837, 8, '109.43.1.5', 0, 1),
(838, 8, '188.103.204.203', 1, 0),
(839, 8, '85.17.24.7', 1, 0),
(840, 8, '79.194.9.24', 1, 0),
(841, 8, '93.223.87.141', 0, 1),
(842, 8, '78.82.228.135', 1, 0),
(843, 8, '89.204.135.205', 1, 0),
(844, 8, '89.204.135.205', 0, 1),
(845, 8, '81.17.18.218', 1, 0),
(846, 8, '88.150.212.42', 1, 0),
(847, 8, '207.244.78.6', 1, 0),
(848, 8, '103.10.197.154', 1, 0),
(849, 8, '92.210.100.101', 0, 1),
(850, 8, '92.210.100.101', 1, 0),
(851, 8, '24.134.35.109', 1, 0),
(852, 8, '24.134.35.109', 0, 1),
(853, 8, '93.223.87.141', 1, 0),
(854, 8, '79.228.237.42', 1, 0),
(855, 8, '79.228.237.42', 0, 1),
(856, 8, '79.206.213.101', 1, 0),
(857, 8, '79.206.213.101', 0, 1),
(858, 8, '195.188.41.154', 1, 0),
(859, 8, '2.241.191.217', 1, 0),
(860, 8, '2.241.191.217', 0, 1),
(861, 8, '46.115.161.72', 1, 0),
(862, 8, '46.115.161.72', 0, 1),
(863, 8, '82.113.98.46', 1, 0),
(864, 8, '37.24.146.190', 1, 0),
(865, 8, '80.171.86.171', 1, 0),
(866, 8, '80.171.86.171', 0, 1),
(867, 8, '84.137.8.138', 1, 0),
(868, 8, '84.137.8.138', 0, 1),
(869, 8, '89.204.135.178', 1, 0),
(870, 8, '47.64.137.87', 1, 0),
(871, 8, '47.64.137.87', 0, 1),
(872, 8, '93.223.97.119', 1, 0),
(873, 8, '12.204.60.158', 1, 0),
(874, 8, '91.91.246.217', 0, 1),
(875, 8, '89.204.139.109', 1, 0),
(876, 8, '89.204.139.109', 0, 1),
(877, 8, '89.204.139.208', 1, 0),
(878, 8, '89.204.139.208', 0, 1),
(879, 8, '89.204.138.161', 1, 0),
(880, 8, '89.204.138.161', 0, 1),
(881, 8, '89.204.139.154', 1, 0),
(882, 8, '89.204.139.154', 0, 1),
(883, 8, '89.204.137.52', 1, 0),
(884, 8, '89.204.137.52', 0, 1),
(885, 8, '89.204.139.86', 0, 1),
(886, 8, '89.204.139.86', 1, 0),
(887, 8, '89.204.138.75', 1, 0),
(888, 8, '89.204.138.75', 0, 1),
(889, 8, '89.204.139.138', 1, 0),
(890, 8, '89.204.139.138', 0, 1),
(891, 8, '89.204.138.147', 1, 0),
(892, 8, '89.204.138.147', 0, 1),
(893, 8, '89.204.137.57', 0, 1),
(894, 8, '89.204.137.57', 1, 0),
(895, 8, '89.204.137.134', 0, 1),
(896, 8, '89.168.32.215', 1, 0),
(897, 8, '89.204.137.134', 1, 0),
(898, 8, '89.204.137.53', 0, 1),
(899, 8, '89.204.137.53', 1, 0),
(900, 8, '89.204.138.6', 1, 0),
(901, 8, '89.204.138.6', 0, 1),
(902, 8, '89.204.137.110', 0, 1),
(903, 8, '89.204.137.110', 1, 0),
(904, 8, '89.204.139.76', 0, 1),
(905, 8, '89.204.139.76', 1, 0),
(906, 8, '89.204.138.57', 0, 1),
(907, 8, '89.204.138.57', 1, 0),
(908, 8, '89.204.139.46', 0, 1),
(909, 8, '89.204.139.46', 1, 0),
(910, 8, '87.142.116.146', 1, 0),
(911, 8, '89.204.137.111', 0, 1),
(912, 8, '87.142.116.146', 0, 1),
(913, 8, '89.204.137.111', 1, 0),
(914, 8, '89.204.137.152', 0, 1),
(915, 8, '89.204.137.152', 1, 0),
(916, 8, '89.204.139.134', 0, 1),
(917, 8, '89.204.139.134', 1, 0),
(918, 8, '89.204.137.112', 0, 1),
(919, 8, '89.204.137.112', 1, 0),
(920, 8, '89.204.137.6', 0, 1),
(921, 8, '89.204.137.6', 1, 0),
(922, 8, '89.204.137.88', 0, 1),
(923, 8, '89.204.137.88', 1, 0),
(924, 8, '89.204.137.41', 0, 1),
(925, 8, '89.204.137.41', 1, 0),
(926, 8, '89.204.137.158', 0, 1),
(927, 8, '89.204.137.158', 1, 0),
(928, 8, '89.204.139.60', 0, 1),
(929, 8, '89.204.139.60', 1, 0),
(930, 8, '37.120.46.81', 1, 0),
(931, 8, '37.120.46.81', 0, 1),
(932, 8, '89.204.139.113', 0, 1),
(933, 8, '89.204.139.113', 1, 0),
(934, 8, '89.204.138.127', 0, 1),
(935, 8, '89.204.138.127', 1, 0),
(936, 8, '89.204.137.181', 0, 1),
(937, 8, '89.204.137.181', 1, 0),
(938, 8, '89.204.138.173', 0, 1),
(939, 8, '89.204.138.173', 1, 0),
(940, 8, '89.204.137.127', 0, 1),
(941, 8, '89.204.137.127', 1, 0),
(942, 8, '89.204.138.215', 0, 1),
(943, 8, '89.204.138.215', 1, 0),
(944, 8, '89.204.138.208', 0, 1),
(945, 8, '89.204.138.208', 1, 0),
(946, 8, '89.204.139.92', 0, 1),
(947, 8, '89.204.139.92', 1, 0),
(948, 8, '89.204.139.158', 0, 1),
(949, 8, '89.204.139.158', 1, 0),
(950, 8, '89.204.139.194', 0, 1),
(951, 8, '89.204.139.194', 1, 0),
(952, 8, '89.204.137.241', 0, 1),
(953, 8, '89.204.137.241', 1, 0),
(954, 8, '89.204.137.232', 0, 1),
(955, 8, '89.204.137.232', 1, 0),
(956, 8, '89.204.138.84', 0, 1),
(957, 8, '89.204.138.84', 1, 0),
(958, 8, '89.204.138.148', 0, 1),
(959, 8, '89.204.138.148', 1, 0),
(960, 8, '89.204.138.139', 0, 1),
(961, 8, '89.204.138.139', 1, 0),
(962, 8, '178.5.228.67', 1, 0),
(963, 8, '109.84.0.110', 1, 0),
(964, 8, '109.84.0.110', 0, 1),
(965, 8, '84.167.145.27', 1, 0),
(966, 8, '84.167.145.27', 0, 1),
(967, 8, '178.202.103.58', 1, 0),
(968, 8, '178.202.103.58', 0, 1),
(969, 8, '11.17.36.36', 1, 0),
(970, 8, '11.17.36.36', 0, 1),
(971, 8, '11.51.62.97', 1, 0),
(972, 8, '11.51.62.97', 0, 1),
(973, 8, '89.204.135.94', 0, 1),
(974, 8, '89.204.135.94', 1, 0),
(975, 8, '77.2.98.196', 1, 0),
(976, 8, '77.2.98.196', 0, 1),
(977, 8, '178.5.228.67', 0, 1),
(978, 8, '188.103.204.203', 0, 1),
(979, 8, '14.56.108.62', 1, 0),
(980, 8, '14.56.108.62', 0, 1),
(981, 8, '178.7.233.63', 1, 0),
(982, 8, '178.7.233.63', 0, 1),
(983, 8, '93.197.160.185', 1, 0),
(984, 8, '93.197.160.185', 0, 1),
(985, 8, '78.52.146.253', 1, 0),
(986, 8, '78.52.146.253', 0, 1),
(987, 8, '46.114.37.117', 1, 0),
(988, 8, '46.114.37.117', 0, 1),
(989, 8, '37.24.148.155', 1, 0),
(990, 8, '217.247.141.127', 1, 0),
(991, 8, '217.247.141.127', 0, 1),
(992, 8, '46.165.208.228', 0, 1),
(993, 8, '46.165.208.228', 1, 0),
(994, 8, '78.52.193.164', 1, 0),
(995, 8, '78.52.193.164', 0, 1),
(996, 8, '49.196.14.217', 1, 0),
(997, 8, '109.43.0.11', 1, 0),
(998, 8, '109.43.0.11', 0, 1),
(999, 8, '84.137.49.132', 1, 0),
(1000, 8, '84.137.49.132', 0, 1),
(1001, 8, '82.113.98.116', 1, 0),
(1002, 8, '82.113.98.116', 0, 1),
(1003, 8, '109.43.3.136', 1, 0),
(1004, 8, '109.43.3.136', 0, 1),
(1005, 8, '87.158.78.110', 1, 0),
(1006, 8, '82.113.98.176', 1, 0),
(1007, 8, '188.110.78.6', 0, 1),
(1008, 8, '188.110.78.6', 1, 0),
(1009, 8, '89.247.99.126', 1, 0),
(1010, 8, '89.247.99.126', 0, 1),
(1011, 8, '77.10.86.235', 1, 0),
(1012, 8, '92.113.102.183', 1, 0),
(1013, 8, '92.113.102.183', 0, 1),
(1014, 8, '93.223.97.119', 0, 1),
(1015, 8, '13.207.110.56', 1, 0),
(1016, 8, '109.201.143.200', 1, 0),
(1017, 8, '41.132.157.79', 1, 0),
(1018, 8, '88.68.70.214', 1, 0),
(1019, 8, '74.120.223.151', 1, 0),
(1020, 8, '67.212.234.181', 1, 0),
(1021, 8, '46.23.67.141', 1, 0),
(1022, 8, '79.194.9.24', 0, 1),
(1023, 8, '46.165.210.38', 0, 1),
(1024, 8, '46.165.220.224', 0, 1),
(1025, 8, '46.165.220.224', 1, 0),
(1026, 8, '46.165.210.38', 1, 0),
(1027, 8, '31.7.62.186', 0, 1),
(1028, 8, '46.19.138.138', 0, 1),
(1029, 8, '31.7.62.186', 1, 0),
(1030, 8, '46.19.138.138', 1, 0),
(1031, 8, '5.152.201.146', 0, 1),
(1032, 8, '188.227.166.186', 0, 1),
(1033, 8, '188.227.166.186', 1, 0),
(1034, 8, '5.152.201.146', 1, 0),
(1035, 8, '207.244.77.137', 0, 1),
(1036, 8, '207.244.77.22', 0, 1),
(1037, 8, '207.244.77.137', 1, 0),
(1038, 8, '207.244.77.22', 1, 0),
(1039, 8, '103.10.197.218', 0, 1),
(1040, 8, '103.10.197.218', 1, 0),
(1041, 8, '103.10.197.90', 0, 1),
(1042, 8, '103.10.197.90', 1, 0),
(1043, 8, '88.150.133.58', 1, 0),
(1044, 8, '88.150.133.58', 0, 1),
(1045, 8, '207.244.78.17', 1, 0),
(1046, 8, '207.244.78.17', 0, 1),
(1047, 8, '46.114.30.202', 1, 0),
(1048, 8, '178.162.199.139', 1, 0),
(1049, 8, '178.162.199.139', 0, 1),
(1050, 8, '46.114.30.202', 0, 1),
(1051, 8, '179.43.159.226', 1, 0),
(1052, 8, '179.43.159.226', 0, 1),
(1053, 8, '103.10.197.154', 0, 1),
(1054, 8, '79.228.240.182', 1, 0),
(1055, 8, '79.228.240.182', 0, 1),
(1056, 8, '179.43.146.66', 1, 0),
(1057, 8, '179.43.146.66', 0, 1),
(1058, 8, '37.58.52.36', 0, 1),
(1059, 8, '88.150.202.138', 1, 0),
(1060, 8, '88.150.202.138', 0, 1),
(1061, 8, '209.58.128.139', 1, 0),
(1062, 8, '209.58.128.139', 0, 1),
(1063, 8, '103.10.197.10', 1, 0),
(1064, 8, '103.10.197.10', 0, 1),
(1065, 8, '46.165.220.216', 1, 0),
(1066, 8, '46.165.208.195', 1, 0),
(1067, 8, '46.165.208.195', 0, 1),
(1068, 8, '46.165.220.216', 0, 1),
(1069, 8, '81.17.27.182', 1, 0),
(1070, 8, '81.17.27.182', 0, 1),
(1071, 8, '46.19.140.142', 1, 0),
(1072, 8, '46.19.140.142', 0, 1),
(1073, 8, '37.220.26.18', 1, 0),
(1074, 8, '37.220.26.18', 0, 1),
(1075, 6, '66.249.69.201', 0, 1),
(1076, 6, '66.249.69.185', 1, 0),
(1077, 8, '141.8.189.111', 1, 0),
(1078, 9, '84.137.3.147', 1, 0),
(1079, 9, '77.22.80.125', 1, 0),
(1080, 9, '92.73.78.61', 1, 0),
(1081, 9, '78.49.102.236', 1, 0),
(1082, 9, '37.24.148.179', 1, 0),
(1083, 9, '80.149.112.164', 1, 0),
(1084, 9, '178.203.15.249', 1, 0),
(1085, 9, '95.90.18.244', 1, 0),
(1086, 9, '143.93.249.2', 1, 0),
(1087, 9, '87.149.90.238', 1, 0),
(1088, 9, '88.72.93.114', 1, 0),
(1089, 9, '84.61.121.3', 1, 0),
(1090, 9, '2.240.160.171', 1, 0),
(1091, 9, '88.134.93.115', 1, 0),
(1092, 9, '87.173.219.64', 1, 0),
(1093, 9, '79.248.35.197', 1, 0),
(1094, 9, '46.114.52.129', 1, 0),
(1095, 9, '91.39.22.187', 1, 0),
(1096, 9, '89.204.135.208', 1, 0),
(1097, 9, '87.165.222.212', 1, 0),
(1098, 9, '17.150.212.54', 1, 0),
(1099, 9, '87.161.44.178', 1, 0),
(1100, 9, '82.113.121.177', 1, 0),
(1101, 9, '176.198.64.178', 1, 0),
(1102, 9, '217.92.67.213', 1, 0),
(1103, 9, '79.236.81.187', 1, 0),
(1104, 9, '90.40.139.82', 1, 0),
(1105, 9, '92.210.57.60', 1, 0),
(1106, 9, '91.51.199.216', 1, 0),
(1107, 9, '92.205.35.208', 1, 0),
(1108, 9, '217.92.139.141', 1, 0),
(1109, 9, '16.199.54.114', 1, 0),
(1110, 9, '87.139.205.6', 1, 0),
(1111, 9, '92.229.20.174', 1, 0),
(1112, 9, '95.90.194.155', 1, 0),
(1113, 9, '217.224.249.19', 1, 0),
(1114, 9, '46.114.141.250', 1, 0),
(1115, 9, '37.5.4.51', 1, 0),
(1116, 9, '109.41.120.101', 1, 0),
(1117, 9, '149.172.145.180', 1, 0),
(1118, 9, '90.136.100.211', 1, 0),
(1119, 9, '92.210.100.101', 1, 0),
(1120, 9, '87.149.209.138', 1, 0),
(1121, 9, '85.183.32.230', 1, 0),
(1122, 9, '79.254.42.117', 1, 0),
(1123, 9, '217.91.131.11', 1, 0),
(1124, 9, '93.202.100.222', 1, 0),
(1125, 9, '91.14.246.189', 1, 0),
(1126, 9, '93.221.95.80', 1, 0),
(1127, 9, '68.58.68.188', 1, 0),
(1128, 9, '89.204.138.91', 1, 0),
(1129, 9, '93.199.171.50', 1, 0),
(1130, 9, '83.171.144.10', 1, 0),
(1131, 9, '77.2.119.13', 1, 0),
(1132, 9, '62.159.225.82', 1, 0),
(1133, 9, '87.149.211.29', 1, 0),
(1134, 9, '88.152.237.203', 1, 0),
(1135, 9, '87.150.250.178', 1, 0),
(1136, 9, '217.187.72.90', 1, 0),
(1137, 9, '89.204.155.179', 1, 0),
(1138, 9, '16.151.173.231', 1, 0),
(1139, 9, '109.91.154.199', 1, 0),
(1140, 9, '84.119.233.213', 1, 0),
(1141, 9, '93.204.235.114', 1, 0),
(1142, 9, '46.114.26.194', 1, 0),
(1143, 9, '80.130.32.64', 1, 0),
(1144, 9, '88.134.18.4', 1, 0),
(1145, 9, '88.153.254.143', 1, 0),
(1146, 9, '193.159.93.80', 1, 0),
(1147, 9, '92.195.89.43', 1, 0),
(1148, 9, '84.138.175.198', 1, 0),
(1149, 9, '93.194.234.35', 1, 0),
(1150, 9, '217.129.163.134', 1, 0),
(1151, 9, '193.159.89.167', 1, 0),
(1152, 9, '88.68.70.214', 1, 0),
(1153, 9, '188.97.168.128', 1, 0),
(1154, 9, '88.79.126.87', 1, 0),
(1155, 9, '62.196.141.66', 1, 0),
(1156, 9, '84.44.186.190', 1, 0),
(1157, 9, '89.13.190.134', 1, 0),
(1158, 9, '217.85.49.73', 1, 0),
(1159, 9, '77.9.122.137', 1, 0),
(1160, 9, '2.241.197.39', 1, 0),
(1161, 9, '92.113.69.194', 1, 0),
(1162, 9, '80.44.21.220', 1, 0),
(1163, 9, '91.67.255.112', 1, 0),
(1164, 9, '91.60.237.247', 1, 0),
(1165, 9, '13.50.191.93', 1, 0),
(1166, 9, '92.205.66.116', 1, 0),
(1167, 9, '95.91.236.141', 1, 0),
(1168, 9, '78.48.161.68', 1, 0);

-- --------------------------------------------------------

--
-- Tabellenstruktur für Tabelle `abstimmung_titel`
--

CREATE TABLE IF NOT EXISTS `abstimmung_titel` (
`ID` int(5) NOT NULL,
  `Abstimmung_ID` int(5) NOT NULL,
  `Stimmen` int(10) NOT NULL,
  `Name` varchar(150) NOT NULL
) ENGINE=MyISAM  DEFAULT CHARSET=utf8 AUTO_INCREMENT=170 ;

--
-- Daten für Tabelle `abstimmung_titel`
--

INSERT INTO `abstimmung_titel` (`ID`, `Abstimmung_ID`, `Stimmen`, `Name`) VALUES
(94, 6, 48, 'Staubkind - Angekommen'),
(93, 6, 22, 'Axel Rudi Pell - In The Air Tonight'),
(92, 6, 16, 'AC-DC - Thunderstruck'),
(91, 6, 57, 'Ohrenfeindt - Durch die Nacht (Piano-Version)'),
(90, 6, 42, 'Darkhaus - Life Worth Livin'),
(95, 6, 18, 'Ted Nugent - Fred Bear'),
(96, 6, 22, 'Meredith Brooks - Crazy'),
(97, 6, 22, 'Chirons Tide - MK Ultra '),
(98, 6, 23, 'U.D.O. - Man And Maschine'),
(99, 6, 17, 'Joe Bonnamassa - Burning Hell'),
(100, 6, 31, 'Phil Collins - In The Air Tonight'),
(101, 6, 42, 'Kelly Ritchie Band - Fast Driving Mama'),
(102, 6, 50, 'Vlad in Tears - Fallen Angel'),
(103, 6, 21, 'ZZ Top - Snake Boogie'),
(104, 6, 20, 'Haudegen - So fühlt sich Leben an'),
(105, 6, 16, 'Motörhead - King of Kings'),
(106, 6, 18, 'Blacktop Deluxe -Otta The Red'),
(107, 6, 34, 'U2 - Invisible'),
(108, 6, 30, 'Bon Jovi - Fire Inside'),
(109, 6, 18, 'Ultravox - Vienna'),
(110, 7, 14, 'OHRENFEINDT - Durch die Nacht (Piano-Version)'),
(111, 7, 41, 'OHRENFEINDT - HarleyLuja'),
(112, 7, 15, 'WILDSTREET - Easy Does It'),
(113, 7, 47, 'GREAT WHITE - Once Bitten Twice Shy'),
(114, 7, 36, 'DARKHAUS - Life Worth Livin'),
(115, 7, 13, 'U2 - Invisible'),
(116, 7, 13, 'DIE TOTEN HOSEN - Draußen vor der Tür'),
(117, 7, 12, 'BONFIRE - Hip Hip Hurray'),
(118, 7, 10, 'BLUES PILLS - Devil Man '),
(119, 7, 11, 'EISBRECHER - Verrückt'),
(120, 7, 16, 'STAUBKIND - Wunder'),
(121, 7, 7, 'REIGNWOLF - The Chain'),
(122, 7, 11, 'MEREDITH BROOKS - Crazy'),
(123, 7, 17, 'D.A.D. - I Won''t Cut My Hair'),
(124, 7, 14, 'HELDMASCHINE - Es brennt'),
(125, 7, 26, 'IGNIS FATUU - Wächter Der Nacht'),
(126, 7, 31, 'VLAD IN TEARS - Feed On Me'),
(127, 7, 18, 'VAN WOLFEN - 2 Meter Unter''m Gras'),
(128, 7, 9, 'HIGHLANDER - The Biker''s Prayer'),
(129, 7, 18, 'CHIRONS TIDE - Toe to Toe'),
(130, 8, 36, 'GREAT WHITE - Once Bitten Twice Shy'),
(131, 8, 88, 'OHRENFEINDT - HarleyLuja'),
(132, 8, 55, 'DARKHAUS - Life Worth Livin'),
(133, 8, 29, 'VLAD IN TEARS - Feed On Me'),
(134, 8, 58, 'IGNIS FATUU - Wächter Der Nacht'),
(135, 8, 36, 'CHIRONS TIDE - Toe to Toe'),
(136, 8, 37, 'EISBRECHER - Vergissmeinnicht'),
(137, 8, 35, 'D.A.D. - I Won''t Cut My Hair'),
(138, 8, 22, 'UNZUCHT - Kind Von Traurigkeit'),
(139, 8, 37, 'STAHLMANN - Der Schmied'),
(140, 8, 40, 'ED VINTAGE - You Can Kill No Dead Man'),
(141, 8, 71, 'METALLICA - Darkness'),
(142, 8, 95, 'INTRASONIC - Feel this '),
(143, 8, 45, 'IN EXTREMO - Wege Ohne Namen'),
(144, 8, 22, 'BONFIRE - Hip Hip Hurray'),
(145, 8, 75, 'THE PUSSYBATS - 4 A Revolution'),
(146, 8, 31, 'MANOWAR  -  Warriors Of The World'),
(147, 8, 23, 'ASP mit das letzte Einhorn - Wer sonst'),
(148, 8, 20, 'AC/DC  - Thunderstruck'),
(149, 8, 77, 'AUDIOWOLF - In The Middle Of Nowhere '),
(150, 9, 30, 'INTRASONIC -Feel This'),
(151, 9, 9, 'OHRENFEINDT - HarleyLuja'),
(152, 9, 7, 'AUDIOWOLF -In The Middle Of Nowhere'),
(153, 9, 5, 'THE PUSSYBATS - 4 A Revolution'),
(154, 9, 8, 'METALLICA - Darkness'),
(155, 9, 4, 'IGNUS FATUN - Wächter Der Nacht'),
(156, 9, 24, 'DARKHAUS - Life Worth Livin'),
(157, 9, 5, 'IN EXTREMO - Wege Ohne Namen'),
(158, 9, 8, 'ED VINTAGE - You Can Kill No Dead Man'),
(159, 9, 7, 'STAHLMANN - Der Schmied'),
(160, 9, 12, 'UNZUCHT - Unendlich'),
(161, 9, 7, 'GREAT WHITE -Once Bitten Twice Shy'),
(162, 9, 8, 'CHIRONS TIDE - Toe to Toe'),
(163, 9, 20, 'HELL BOULEVARD - Hangover from Hell'),
(164, 9, 3, 'MANOWAR - Warriors Of The World'),
(165, 9, 15, 'VAN WOLFEN - Ich Glaube'),
(166, 9, 100, '21 OCTAYNE - The Heart (Save Me)'),
(167, 9, 11, 'HELDMASCHINE - Es Brennt'),
(168, 9, 6, 'LES BLAQUE PEARLZ - Borderline'),
(169, 9, 4, 'STAUBKIND - Wunder');

-- --------------------------------------------------------

--
-- Tabellenstruktur für Tabelle `abstimmung_vorschlaege`
--

CREATE TABLE IF NOT EXISTS `abstimmung_vorschlaege` (
`ID` int(11) NOT NULL,
  `Name` varchar(50) DEFAULT NULL,
  `Text` varchar(100) NOT NULL,
  `IP` varchar(15) NOT NULL,
  `ErstelltAm` datetime DEFAULT NULL
) ENGINE=MyISAM  DEFAULT CHARSET=utf8 AUTO_INCREMENT=121 ;

--
-- Daten für Tabelle `abstimmung_vorschlaege`
--

INSERT INTO `abstimmung_vorschlaege` (`ID`, `Name`, `Text`, `IP`, `ErstelltAm`) VALUES
(116, NULL, 'Vlad in Tears - Feed on me', '47.64.175.174', '2014-11-10 16:16:49'),
(98, NULL, 'Deaf Autumn - Get inside of me', '80.130.132.15', '2014-11-07 08:15:54'),
(110, NULL, 'VLAD IN TEARS - Feed On Me', '93.184.128.18', '2014-11-10 13:35:19'),
(111, NULL, 'Vlad in Tears - Feed on me', '47.64.175.174', '2014-11-10 15:50:37'),
(112, NULL, 'Zodiac - Sonic Child', '88.152.237.203', '2014-11-10 15:54:45'),
(113, NULL, 'Vlad in Tears - Feed on me', '47.64.175.174', '2014-11-10 16:16:42'),
(114, NULL, 'Vlad in Tears - Feed on me', '47.64.175.174', '2014-11-10 16:16:44'),
(115, NULL, 'Vlad in Tears - Feed on me', '47.64.175.174', '2014-11-10 16:16:47'),
(84, NULL, 'Staubkind - was für immer bleibt', '77.87.224.99', '2014-11-06 07:11:32'),
(120, NULL, 'Vlad in Tears..Feed on me', '93.199.171.50', '2014-11-10 21:09:30'),
(90, NULL, 'HELDMASCHINE - Herz aus Stein', '217.91.131.11', '2014-11-06 11:47:04'),
(109, NULL, 'Aeronautica:  Im ewigen Eis ', '46.115.165.36', '2014-11-10 12:03:43'),
(80, NULL, 'Stahlmann  Hass mich....... lieb mich ', '77.177.66.210', '2014-11-05 17:38:55'),
(83, NULL, 'staubkind , den träumen so nah', '46.114.0.228', '2014-11-06 07:02:08'),
(117, NULL, 'In Legend mit Pandimonia', '84.138.175.198', '2014-11-10 17:38:19'),
(118, NULL, 'In Legend mit Pandimonia', '84.138.175.198', '2014-11-10 17:40:51'),
(119, NULL, 'deaf autumn Get insideof me', '87.173.219.64', '2014-11-10 19:02:28'),
(103, NULL, '', '78.82.228.135', '2014-11-08 11:06:50'),
(104, NULL, '', '93.223.97.119', '2014-11-09 12:21:16'),
(105, NULL, 'Killer be Killed - Wings of feather and wax', '217.247.141.127', '2014-11-09 16:01:20'),
(106, NULL, 'Sweet Noise - Ghetto', '217.247.141.127', '2014-11-09 16:02:25'),
(107, NULL, 'Vlad in Tears Bleed out', '87.173.219.64', '2014-11-09 17:22:45');

-- --------------------------------------------------------

--
-- Tabellenstruktur für Tabelle `member`
--

CREATE TABLE IF NOT EXISTS `member` (
`ID` int(5) NOT NULL,
  `Username` varchar(30) NOT NULL,
  `Email` varchar(50) NOT NULL,
  `Password` char(128) NOT NULL,
  `Salt` char(128) NOT NULL,
  `Activation` varchar(40) NOT NULL,
  `Reset_Hash` varchar(50) NOT NULL,
  `Online_Since` int(11) NOT NULL,
  `Online_Last` int(11) NOT NULL,
  `IsAdmin` tinyint(1) NOT NULL,
  `PicAvail` tinyint(1) NOT NULL,
  `Active` tinyint(1) NOT NULL
) ENGINE=InnoDB  DEFAULT CHARSET=utf8 AUTO_INCREMENT=2 ;

--
-- Daten für Tabelle `member`
--

INSERT INTO `member` (`ID`, `Username`, `Email`, `Password`, `Salt`, `Activation`, `Reset_Hash`, `Online_Since`, `Online_Last`, `IsAdmin`, `PicAvail`, `Active`) VALUES
(1, 'Bastian', 'baschtel101@gmail.com', '531587bed25e773d7433692a6a15692e3a089c32280b95c9c5196dbefa46142c381957441652e4f3d90cae0efa56b64014eaaa6f4c3a17bfa7dfe499c70a5d5a', '48fa009b52bbbad0f5861acab7fccb27792050d88317aacf3009ce23865b88ec067f214298728e84e2a295b08b694efb415d88807e78bcc7017e6423156d77b0', '', '', 1415660452, 1415660452, 0, 0, 1);

-- --------------------------------------------------------

--
-- Tabellenstruktur für Tabelle `settings`
--

CREATE TABLE IF NOT EXISTS `settings` (
  `playerText` varchar(50) COLLATE latin1_general_ci NOT NULL
) ENGINE=MyISAM DEFAULT CHARSET=latin1 COLLATE=latin1_general_ci;

-- --------------------------------------------------------

--
-- Tabellenstruktur für Tabelle `templates`
--

CREATE TABLE IF NOT EXISTS `templates` (
`ID` int(5) NOT NULL,
  `FileName` varchar(50) COLLATE latin1_general_ci NOT NULL,
  `Name` varchar(50) COLLATE latin1_general_ci NOT NULL
) ENGINE=MyISAM  DEFAULT CHARSET=latin1 COLLATE=latin1_general_ci AUTO_INCREMENT=5 ;

--
-- Daten für Tabelle `templates`
--

INSERT INTO `templates` (`ID`, `FileName`, `Name`) VALUES
(1, 'start.tpl', 'start'),
(3, 'info.tpl', 'info'),
(4, 'impressum.tpl', 'impressum');

-- --------------------------------------------------------

--
-- Tabellenstruktur für Tabelle `termine`
--

CREATE TABLE IF NOT EXISTS `termine` (
`ID` int(10) NOT NULL,
  `Text` varchar(250) COLLATE latin1_general_ci DEFAULT NULL,
  `Von` datetime NOT NULL,
  `Bis` datetime NOT NULL
) ENGINE=MyISAM  DEFAULT CHARSET=latin1 COLLATE=latin1_general_ci AUTO_INCREMENT=91 ;

--
-- Daten für Tabelle `termine`
--

INSERT INTO `termine` (`ID`, `Text`, `Von`, `Bis`) VALUES
(89, 'Die RockScheune FunNight (u.a. 23 Uhr LYNYRD SKYNYRD in Concert)', '2014-11-15 22:00:00', '2014-11-15 02:00:00'),
(87, 'Die RockScheune WunschHits - Dein Geschmack macht Programm !', '2014-11-14 16:00:00', '2014-11-14 19:00:00'),
(88, 'Die Radio RockScheune  TOP20', '2014-11-16 16:00:00', '2014-11-16 18:00:00'),
(86, 'Album der Woche - im Anschluß  DEEP PURPLE in Concert', '2014-11-16 19:00:00', '2014-11-16 22:00:00'),
(85, 'Die RockScheune Deutschrock-Nacht', '2014-11-14 21:30:00', '2014-11-14 01:00:00'),
(84, 'OASIS in Concert - im Anschluß Die NachtSchicht', '2014-11-12 21:00:00', '2014-11-12 00:00:00'),
(83, 'Die RockScheune WunschHits - Dein Geschmack macht Programm !', '2014-11-12 16:00:00', '2014-11-12 19:00:00'),
(81, 'Die Scheune im MorgenRock', '2014-11-10 09:00:00', '2014-11-03 11:00:00'),
(82, 'Die BluesRock-Lounge mit Jin', '2014-11-11 19:30:00', '2014-11-11 22:00:00');

--
-- Indexes for dumped tables
--

--
-- Indexes for table `abstimmung`
--
ALTER TABLE `abstimmung`
 ADD PRIMARY KEY (`ID`);

--
-- Indexes for table `abstimmung_ip`
--
ALTER TABLE `abstimmung_ip`
 ADD PRIMARY KEY (`ID`), ADD KEY `Titel_ID` (`Abstimmung_ID`), ADD KEY `Abstimmung_ID` (`Abstimmung_ID`);

--
-- Indexes for table `abstimmung_titel`
--
ALTER TABLE `abstimmung_titel`
 ADD PRIMARY KEY (`ID`), ADD KEY `Abstimmung_ID` (`Abstimmung_ID`);

--
-- Indexes for table `abstimmung_vorschlaege`
--
ALTER TABLE `abstimmung_vorschlaege`
 ADD PRIMARY KEY (`ID`);

--
-- Indexes for table `member`
--
ALTER TABLE `member`
 ADD PRIMARY KEY (`ID`);

--
-- Indexes for table `templates`
--
ALTER TABLE `templates`
 ADD PRIMARY KEY (`ID`);

--
-- Indexes for table `termine`
--
ALTER TABLE `termine`
 ADD PRIMARY KEY (`ID`);

--
-- AUTO_INCREMENT for dumped tables
--

--
-- AUTO_INCREMENT for table `abstimmung`
--
ALTER TABLE `abstimmung`
MODIFY `ID` int(5) NOT NULL AUTO_INCREMENT,AUTO_INCREMENT=10;
--
-- AUTO_INCREMENT for table `abstimmung_ip`
--
ALTER TABLE `abstimmung_ip`
MODIFY `ID` int(5) NOT NULL AUTO_INCREMENT,AUTO_INCREMENT=1169;
--
-- AUTO_INCREMENT for table `abstimmung_titel`
--
ALTER TABLE `abstimmung_titel`
MODIFY `ID` int(5) NOT NULL AUTO_INCREMENT,AUTO_INCREMENT=170;
--
-- AUTO_INCREMENT for table `abstimmung_vorschlaege`
--
ALTER TABLE `abstimmung_vorschlaege`
MODIFY `ID` int(11) NOT NULL AUTO_INCREMENT,AUTO_INCREMENT=121;
--
-- AUTO_INCREMENT for table `member`
--
ALTER TABLE `member`
MODIFY `ID` int(5) NOT NULL AUTO_INCREMENT,AUTO_INCREMENT=2;
--
-- AUTO_INCREMENT for table `templates`
--
ALTER TABLE `templates`
MODIFY `ID` int(5) NOT NULL AUTO_INCREMENT,AUTO_INCREMENT=5;
--
-- AUTO_INCREMENT for table `termine`
--
ALTER TABLE `termine`
MODIFY `ID` int(10) NOT NULL AUTO_INCREMENT,AUTO_INCREMENT=91;
/*!40101 SET CHARACTER_SET_CLIENT=@OLD_CHARACTER_SET_CLIENT */;
/*!40101 SET CHARACTER_SET_RESULTS=@OLD_CHARACTER_SET_RESULTS */;
/*!40101 SET COLLATION_CONNECTION=@OLD_COLLATION_CONNECTION */;
